dateupload,id,latitude,longitude,owner,tags,title,url_sq
1439864280,20644310746,24.434575,-81.93782,52272069@N00,,,https://farm1.staticflickr.com/637/20644310746_622ff7ace8_m.jpg
1301069573,5558960552,24.433333,-81.942167,46225217@N00,,,https://farm6.staticflickr.com/5149/5558960552_80af5c31d6_m.jpg
1501413716,36126587031,24.453888,-81.866667,85100010@N07,,Floride Juillet 2017,https://farm5.staticflickr.com/4321/36126587031_8b39ceb267_m.jpg
1501413696,35428118854,24.453333,-81.874445,85100010@N07,,Floride Juillet 2017,https://farm5.staticflickr.com/4293/35428118854_149d284f09_m.jpg
1489578931,33325912801,24.454405,-81.875214,21467315@N00,1853 19thcenturylighthouses atlanticocean editorialphotography florida floridakeys floridakeyslighthouses floridakeysoffshorereeflighthouses floridareeflighthouses floridareeflights floridalighthouses floridays gulfofmexico keywest lowerkeys michaelapancier michaelpancierphotography offshorelighthouses reeflights rockkeychannel sandkeychannel sandkeylight sandkeylighthouse southflorida thekeys commercialphotography fineartphotographer landscapephotographer lighthouses naturephotographer travelphotography wwwmichaelpancierphotographycom unitedstates us,Sand Key Lighthouse,https://farm3.staticflickr.com/2818/33325912801_b7acc8db54_m.jpg
1486922166,32821462606,24.465899,-81.870284,12276024@N04,,Snokeling Trip Sand Key Lighthouse (5),https://farm3.staticflickr.com/2731/32821462606_9e40188d80_m.jpg
1486922165,32862586235,24.465899,-81.870284,12276024@N04,,Snokeling Trip Sand Key Lighthouse (6),https://farm3.staticflickr.com/2887/32862586235_64552f6686_m.jpg
1486922165,32862578985,24.470283,-81.866517,12276024@N04,,Snokeling Trip Sand Key Lighthouse (7),https://farm1.staticflickr.com/336/32862578985_b316f1f885_m.jpg
1485718020,31782309273,24.452733,-81.879484,12276024@N04,,Sand Key Lighthouse Snorkeling,https://farm1.staticflickr.com/387/31782309273_0319dc091d_m.jpg
1485718019,32553677926,24.452733,-81.879484,12276024@N04,,Sand Key Lighthouse Snorkeling (2),https://farm1.staticflickr.com/555/32553677926_0eb598f242_m.jpg
1485718019,32441388752,24.45255,-81.879767,12276024@N04,,Sand Key Lighthouse Snorkeling (3),https://farm1.staticflickr.com/448/32441388752_42b4e69475_m.jpg
1485718019,31750455794,24.474033,-81.866334,12276024@N04,,Sand Key Lighthouse Snorkeling (4),https://farm1.staticflickr.com/371/31750455794_0f70d7fab6_m.jpg
1485718011,32553637746,24.454216,-81.879067,12276024@N04,,Sand Key Lighthouse Snorkeling Trip (6),https://farm1.staticflickr.com/517/32553637746_e7566561b3_m.jpg
1485718011,32214954590,24.454216,-81.879067,12276024@N04,,Sand Key Lighthouse Snorkeling Trip (7),https://farm1.staticflickr.com/566/32214954590_b7c34a242a_m.jpg
1485718010,32553632806,24.454216,-81.879067,12276024@N04,,Sand Key Lighthouse Snorkeling Trip (8),https://farm1.staticflickr.com/621/32553632806_b9c4224a8b_m.jpg
1471224399,28956945616,24.488419,-81.89097,146198299@N03,,Sailboat,https://farm8.staticflickr.com/7787/28956945616_910c9ec8fc_m.jpg
1385923686,11156593346,24.447233,-81.882064,80715367@N00,,DSCN0179,https://farm4.staticflickr.com/3744/11156593346_bfff997db3_m.jpg
1372252866,9141693633,24.451861,-81.8784,92400821@N06,flickrandroidapp:filter=none,,https://farm8.staticflickr.com/7303/9141693633_7194513332_m.jpg
1372252858,9141692967,24.451861,-81.8784,92400821@N06,flickrandroidapp:filter=none,,https://farm3.staticflickr.com/2867/9141692967_a27836bee4_m.jpg
1371584645,9077393109,24.452777,-81.8775,66288373@N05,florida scuba diving scubadiving keywest watersports floridakeys greatbarracuda sandkey sphyraenabarracuda,Giant Barracuda,https://farm8.staticflickr.com/7455/9077393109_48e5a733b7_m.jpg
1371584608,9079613878,24.452777,-81.8775,66288373@N05,florida ryan scuba diving scubadiving keywest watersports floridakeys sandkey purpleseafan gorgoniaventalina,Scuba Snap,https://farm6.staticflickr.com/5477/9079613878_598dcf3b84_m.jpg
1371584571,9079609292,24.452777,-81.8775,66288373@N05,florida scuba diving scubadiving keywest watersports floridakeys wrasse staghorncoral sandkey labridae purpleseafan acroporacervicornis gorgoniaventalina yellowwrasse halichoere,Yellow Swirls,https://farm6.staticflickr.com/5548/9079609292_d4c93a579e_m.jpg
1371584531,9077378681,24.452777,-81.8775,66288373@N05,florida scuba diving scubadiving keywest watersports floridakeys sandkey caribbeanreefshark carcharhinusperezii,Caribbean Reef Shark,https://farm4.staticflickr.com/3710/9077378681_b8833a2e17_m.jpg
1371584507,9077375805,24.452777,-81.8775,66288373@N05,florida scuba diving scubadiving keywest watersports porcupinefish floridakeys wrasse sandkey labridae diodontidae purpleseafan gorgoniaventalina yellowwrasse halichoere,Big Eyes,https://farm4.staticflickr.com/3730/9077375805_1afa78c67a_m.jpg
1371584483,9077373081,24.452777,-81.8775,66288373@N05,florida ryan scuba diving scubadiving keywest watersports floridakeys sandkey,Bubbles,https://farm6.staticflickr.com/5475/9077373081_8dcfbf9d55_m.jpg
1371584448,9079594804,24.452777,-81.8775,66288373@N05,florida scuba diving scubadiving keywest watersports floridakeys sandkey,"My, what big teeth you have!",https://farm6.staticflickr.com/5459/9079594804_0110659b09_m.jpg
1371584408,9077364241,24.452777,-81.8775,66288373@N05,florida scuba diving scubadiving keywest watersports floridakeys sandkey,Sunbeams,https://farm8.staticflickr.com/7374/9077364241_65aa16ba3f_m.jpg
1371584384,9079586756,24.452777,-81.8775,66288373@N05,florida ryan scuba diving scubadiving keywest watersports colette floridakeys sandkey,Diving Buddies,https://farm6.staticflickr.com/5503/9079586756_a5b82569dd_m.jpg
1371584356,9079583384,24.452777,-81.8775,66288373@N05,florida scuba diving scubadiving keywest watersports floridakeys parrotfish sandkey rainbowparrotfish scarusguacamaia scaridae,Rainbow Parrotfish,https://farm4.staticflickr.com/3712/9079583384_1791cec185_m.jpg
1371584322,9079578810,24.452777,-81.8775,66288373@N05,florida scuba diving scubadiving keywest watersports floridakeys sergeantmajor abudefduf staghorncoral sandkey acroporacervicornis,Pillar of Light,https://farm3.staticflickr.com/2883/9079578810_5716aee691_m.jpg
1371571669,9075840813,24.452697,-81.877563,66288373@N05,florida scuba diving scubadiving keywest watersports floridakeys sergeantmajor abudefduf queenangelfish sandkey gopro holacanthusciliaris hero3black,A beautiful Queen angelfish,https://farm4.staticflickr.com/3717/9075840813_ddeff18b15_m.jpg
1371571625,9078062232,24.452697,-81.877563,66288373@N05,fauna florida jim scuba diving scubadiving keywest watersports eel animalia floridakeys morayeel gymnothoraxfunebris greenmoray actinopterygii sandkey gopro hero3black,Whoa!,https://farm4.staticflickr.com/3678/9078062232_b5effc7e3f_m.jpg
1371571605,9075832777,24.452697,-81.877563,66288373@N05,florida jim scuba diving scubadiving keywest watersports floridakeys sandkey gopro hero3black,Just Me,https://farm8.staticflickr.com/7366/9075832777_576241b32a_m.jpg
1371571566,9075827981,24.452697,-81.877563,66288373@N05,florida crab scuba diving scubadiving keywest watersports floridakeys sandkey gopro brachyura spinyspidercrab coralcrab channelclingingcrab mithraxspinosissimus hero3black westindianspidercrab reefspidercrab,Monster Crab,https://farm3.staticflickr.com/2828/9075827981_6a68e67e8a_m.jpg
1371571536,9078051300,24.452697,-81.877563,66288373@N05,florida scuba diving scubadiving keywest watersports powerboat floridakeys searay sandkey gopro hero3black silkysmoothiv,Topside,https://farm3.staticflickr.com/2839/9078051300_9b9eef9d17_m.jpg
1371571511,9075821185,24.452697,-81.877563,66288373@N05,florida scuba diving scubadiving keywest watersports floridakeys trumpetfish sandkey gopro aulostomusmaculatus hero3black,Trumpetfish,https://farm3.staticflickr.com/2892/9075821185_6950a88e28_m.jpg
1367887287,8716300668,24.452833,-81.876834,73832263@N00,uploaded:by=flickrmobile flickriosapp:filter=nofilter,,https://farm8.staticflickr.com/7428/8716300668_9e59cedb49_m.jpg
1367887239,8716298822,24.454833,-81.875667,73832263@N00,uploaded:by=flickrmobile flickriosapp:filter=nofilter,,https://farm8.staticflickr.com/7427/8716298822_fa4cd88eeb_m.jpg
1367780528,8710502571,24.453374,-81.877528,73832263@N00,sandkeylighthouse uploaded:by=flickrmobile flickriosapp:filter=nofilter,,https://farm9.staticflickr.com/8136/8710502571_7a87f1781c_m.jpg
1367780291,8710489863,24.453374,-81.877528,73832263@N00,sandkeylighthouse uploaded:by=flickrmobile flickriosapp:filter=nofilter,,https://farm9.staticflickr.com/8556/8710489863_206cb34526_m.jpg
1343148394,7637928668,24.478211,-81.865837,79939076@N02,,Schnorcheltour Key West,https://farm8.staticflickr.com/7108/7637928668_c5540fc661_m.jpg
1343148324,7637921322,24.452561,-81.879928,79939076@N02,,Schnorcheltour Key West,https://farm8.staticflickr.com/7272/7637921322_38f72ae2f7_m.jpg
1343148236,7637912934,24.452561,-81.879928,79939076@N02,,Schnorcheltour Key West,https://farm9.staticflickr.com/8004/7637912934_ebf011ca54_m.jpg
1343148160,7637905640,24.452561,-81.879928,79939076@N02,,Schnorcheltour Key West,https://farm9.staticflickr.com/8001/7637905640_a14dfb0628_m.jpg
1343148084,7637898216,24.452561,-81.879928,79939076@N02,,Schnorcheltour Key West,https://farm9.staticflickr.com/8027/7637898216_f4889efa3f_m.jpg
1343147978,7637887690,24.452561,-81.879928,79939076@N02,,Schnorcheltour Key West,https://farm9.staticflickr.com/8013/7637887690_d127850ba0_m.jpg
1343147909,7637881136,24.452561,-81.879928,79939076@N02,,Schnorcheltour Key West,https://farm9.staticflickr.com/8019/7637881136_29d78331bc_m.jpg
1343147826,7637873024,24.452561,-81.879928,79939076@N02,,Schnorcheltour Key West,https://farm8.staticflickr.com/7246/7637873024_498821946d_m.jpg
1343147735,7637864750,24.452561,-81.879928,79939076@N02,,Schnorcheltour Key West,https://farm8.staticflickr.com/7128/7637864750_a3efc18011_m.jpg
1343147641,7637855676,24.452561,-81.879928,79939076@N02,,Schnorcheltour Key West,https://farm9.staticflickr.com/8283/7637855676_ffb287f7de_m.jpg
1343147566,7637848320,24.452561,-81.879928,79939076@N02,,Schnorcheltour Key West,https://farm9.staticflickr.com/8292/7637848320_a5ea9e786a_m.jpg
1343147413,7637832918,24.452561,-81.879928,79939076@N02,,Schnorcheltour Key West,https://farm8.staticflickr.com/7139/7637832918_957047a39d_m.jpg
1343147337,7637825530,24.453277,-81.881242,79939076@N02,,Schnorcheltour Key West,https://farm8.staticflickr.com/7111/7637825530_68ebe5cfb7_m.jpg
1343147280,7637820448,24.453277,-81.881242,79939076@N02,,Schnorcheltour Key West,https://farm9.staticflickr.com/8145/7637820448_d94d227867_m.jpg
1343147211,7637814418,24.453277,-81.881242,79939076@N02,,Schnorcheltour Key West,https://farm8.staticflickr.com/7111/7637814418_5d2cd6454c_m.jpg
1343147134,7637807610,24.453277,-81.881242,79939076@N02,,Schnorcheltour Key West,https://farm8.staticflickr.com/7276/7637807610_f12b57dd9a_m.jpg
1343147068,7637801418,24.453277,-81.881242,79939076@N02,,Schnorcheltour Key West,https://farm9.staticflickr.com/8001/7637801418_abf76a6811_m.jpg
1343146997,7637795256,24.467499,-81.880128,79939076@N02,,Schnorcheltour Key West,https://farm9.staticflickr.com/8284/7637795256_39a595f742_m.jpg
1343146918,7637788390,24.467499,-81.880128,79939076@N02,,Schnorcheltour Key West,https://farm8.staticflickr.com/7280/7637788390_153901b379_m.jpg
1343146821,7637779286,24.472399,-81.877198,79939076@N02,,Schnorcheltour Key West,https://farm9.staticflickr.com/8164/7637779286_6e57f1aabf_m.jpg
1343146732,7637771106,24.472399,-81.877198,79939076@N02,,Schnorcheltour Key West,https://farm9.staticflickr.com/8167/7637771106_ddc8c68455_m.jpg
1343089200,7633532388,24.452561,-81.879928,79939076@N02,,PICT0011,https://farm9.staticflickr.com/8147/7633532388_426b226bfd_m.jpg
1343089201,7633531706,24.452561,-81.879928,79939076@N02,,Schnorcheln Key West,https://farm8.staticflickr.com/7262/7633531706_586886ef1f_m.jpg
1343089202,7633531156,24.452561,-81.879928,79939076@N02,,Schnorcheln Key West,https://farm8.staticflickr.com/7110/7633531156_eebe76a892_m.jpg
1343089204,7633529862,24.452561,-81.879928,79939076@N02,,Schnorcheln Key West,https://farm8.staticflickr.com/7111/7633529862_ae4139d27f_m.jpg
1343089205,7633528738,24.452561,-81.879928,79939076@N02,,Schnorcheln Key West,https://farm9.staticflickr.com/8163/7633528738_3cffa1ea57_m.jpg
1343089206,7633527804,24.452561,-81.879928,79939076@N02,,Schnorcheln Key West,https://farm9.staticflickr.com/8021/7633527804_73026926b0_m.jpg
1343089208,7633526830,24.452561,-81.879928,79939076@N02,,Schnorcheln Key West,https://farm8.staticflickr.com/7273/7633526830_515b978b63_m.jpg
1343089210,7633503278,24.452561,-81.879928,79939076@N02,,Schnorcheln Key West,https://farm8.staticflickr.com/7270/7633503278_dec8372365_m.jpg
1343089211,7633501826,24.452561,-81.879928,79939076@N02,,Schnorcheln Key West,https://farm9.staticflickr.com/8017/7633501826_c231444449_m.jpg
1343089212,7633499052,24.452561,-81.879928,79939076@N02,,Schnorcheln Key West,https://farm8.staticflickr.com/7253/7633499052_1b24c84a6d_m.jpg
1343089213,7633496988,24.452561,-81.879928,79939076@N02,,Schnorcheln Key West,https://farm9.staticflickr.com/8164/7633496988_a62a7f9562_m.jpg
1343089214,7633495344,24.452561,-81.879928,79939076@N02,,Schnorcheln Key West,https://farm8.staticflickr.com/7251/7633495344_a183b38d9d_m.jpg
1343089215,7633493526,24.452561,-81.879928,79939076@N02,,Schnorcheln Key West,https://farm9.staticflickr.com/8290/7633493526_67eaa454d8_m.jpg
1343089216,7633492006,24.452561,-81.879928,79939076@N02,,Schnorcheln Key West,https://farm8.staticflickr.com/7120/7633492006_e9f2acaaf5_m.jpg
1343089217,7633490774,24.452561,-81.879928,79939076@N02,,Schnorcheln Key West,https://farm8.staticflickr.com/7274/7633490774_da8602634e_m.jpg
1343089218,7633488984,24.452561,-81.879928,79939076@N02,,Schnorcheln Key West,https://farm9.staticflickr.com/8024/7633488984_1ca932ef02_m.jpg
1343089219,7633487408,24.452561,-81.879928,79939076@N02,,Schnorcheln Key West,https://farm8.staticflickr.com/7246/7633487408_476cd14461_m.jpg
1343089220,7633485698,24.452561,-81.879928,79939076@N02,,Schnorcheln Key West,https://farm8.staticflickr.com/7135/7633485698_a12841234c_m.jpg
1343089221,7633483776,24.452561,-81.879928,79939076@N02,,Schnorcheln Key West,https://farm9.staticflickr.com/8426/7633483776_860a0477f6_m.jpg
1343089222,7633480380,24.452561,-81.879928,79939076@N02,,Schnorcheln Key West,https://farm9.staticflickr.com/8421/7633480380_f97a6e396e_m.jpg
1343089223,7633478484,24.452561,-81.879928,79939076@N02,,Schnorcheln Key West,https://farm8.staticflickr.com/7111/7633478484_5c703fa38c_m.jpg
1343089224,7633477118,24.452561,-81.879928,79939076@N02,,Schnorcheln Key West,https://farm9.staticflickr.com/8290/7633477118_fa811515f3_m.jpg
1343089225,7633473386,24.452561,-81.879928,79939076@N02,,Schnorcheln Key West,https://farm8.staticflickr.com/7110/7633473386_a1dfc5b511_m.jpg
1343089226,7633470864,24.452561,-81.879928,79939076@N02,,Schnorcheln Key West,https://farm9.staticflickr.com/8148/7633470864_5fae590845_m.jpg
1343089227,7633469618,24.452561,-81.879928,79939076@N02,,Schnorcheln Key West,https://farm9.staticflickr.com/8423/7633469618_bc0594007b_m.jpg
1343089228,7633468204,24.452561,-81.879928,79939076@N02,,Schnorcheln Key West,https://farm9.staticflickr.com/8022/7633468204_2c90e83a95_m.jpg
1343089229,7633466736,24.452561,-81.879928,79939076@N02,,Schnorcheln Key West,https://farm9.staticflickr.com/8167/7633466736_32fedec3ce_m.jpg
1343089230,7633463386,24.452561,-81.879928,79939076@N02,,Schnorcheln Key West,https://farm9.staticflickr.com/8434/7633463386_b62d49b400_m.jpg
1343089231,7633460782,24.452561,-81.879928,79939076@N02,,Schnorcheln Key West,https://farm9.staticflickr.com/8158/7633460782_3ae00cf797_m.jpg
1343089232,7633458980,24.452561,-81.879928,79939076@N02,,Schnorcheln Key West,https://farm9.staticflickr.com/8010/7633458980_343845a0c0_m.jpg
1343089233,7633457098,24.452561,-81.879928,79939076@N02,,Schnorcheln Key West,https://farm9.staticflickr.com/8291/7633457098_28fe22e6c9_m.jpg
1343089236,7633448562,24.452561,-81.879928,79939076@N02,,Schnorcheln Key West,https://farm9.staticflickr.com/8158/7633448562_5d5b47f84a_m.jpg
1343089237,7633447840,24.452561,-81.879928,79939076@N02,,Schnorcheln Key West,https://farm9.staticflickr.com/8016/7633447840_6e9ce789af_m.jpg
1343089238,7633445778,24.452561,-81.879928,79939076@N02,,Schnorcheln Key West,https://farm9.staticflickr.com/8144/7633445778_fae468e15d_m.jpg
1343089239,7633431422,24.452561,-81.879928,79939076@N02,,Schnorcheln Key West,https://farm8.staticflickr.com/7246/7633431422_1e307e39fb_m.jpg
1343089240,7633427078,24.452561,-81.879928,79939076@N02,,Schnorcheln Key West,https://farm8.staticflickr.com/7274/7633427078_278b2b1369_m.jpg
1343089193,7633538180,24.452561,-81.879928,79939076@N02,,Schnorcheln Key West,https://farm9.staticflickr.com/8153/7633538180_332a96d440_m.jpg
1343089194,7633537684,24.452561,-81.879928,79939076@N02,,PICT0005,https://farm9.staticflickr.com/8433/7633537684_0fa273bf2a_m.jpg
1343089195,7633536998,24.452561,-81.879928,79939076@N02,,Schnorcheln Key West,https://farm9.staticflickr.com/8148/7633536998_52abd083bf_m.jpg
1343089196,7633536310,24.452561,-81.879928,79939076@N02,,Schnorcheln Key West,https://farm9.staticflickr.com/8014/7633536310_41e53d1993_m.jpg
1343089198,7633534464,24.452561,-81.879928,79939076@N02,,Schnorcheln Key West,https://farm9.staticflickr.com/8165/7633534464_fabdcb6aa7_m.jpg
1343089199,7633533626,24.452561,-81.879928,79939076@N02,,Schnorcheln Key West,https://farm9.staticflickr.com/8284/7633533626_d5218d0092_m.jpg
1343086175,7633111762,24.473869,-81.868728,79939076@N02,,Key West- Schnorcheln,https://farm9.staticflickr.com/8153/7633111762_fd149c3651_m.jpg
1343086176,7633107320,24.473869,-81.868728,79939076@N02,,S1790031,https://farm9.staticflickr.com/8159/7633107320_28761492ee_m.jpg
1332258027,6854109938,24.452333,-81.8795,87652302@N00,,,https://farm7.staticflickr.com/6227/6854109938_5ee021190b_m.jpg
1332258016,6854109452,24.4525,-81.879833,87652302@N00,,,https://farm8.staticflickr.com/7036/6854109452_86b14a0277_m.jpg
1332257992,6854108284,24.4525,-81.879833,87652302@N00,,,https://farm7.staticflickr.com/6057/6854108284_191ac4d3f1_m.jpg
1332257980,6854107770,24.452333,-81.879833,87652302@N00,,,https://farm8.staticflickr.com/7124/6854107770_16a9d7368e_m.jpg
1332257969,7000230973,24.452333,-81.879833,87652302@N00,,,https://farm8.staticflickr.com/7066/7000230973_cc4701ec88_m.jpg
1298168715,5460330746,24.488833,-81.883667,57103410@N04,,,https://farm6.staticflickr.com/5299/5460330746_8e2c41c9ee_m.jpg
1293058446,5283614871,24.450863,-81.875475,14479922@N00,west keys key florida,DSC_1603,https://farm6.staticflickr.com/5121/5283614871_8a82708443_m.jpg
1243822640,3583267727,24.455605,-81.873411,85979850@N00,face snorkel mask florida keywest ewen,Ewen tests his mask,https://farm4.staticflickr.com/3611/3583267727_c56a91e2d1_m.jpg
1243822603,3584072828,24.455605,-81.873411,85979850@N00,florida keywest paraglider nutter,Paraglider buzzing us,https://farm4.staticflickr.com/3626/3584072828_c8b93bed41_m.jpg
1243822574,3583264223,24.455605,-81.873411,85979850@N00,boat snorkel florida keywest sandkey,The next wave,https://farm3.staticflickr.com/2427/3583264223_91a3a76b69_m.jpg
1243822530,3583262025,24.455605,-81.873411,85979850@N00,sea water florida keywest reef,View from the other side,https://farm3.staticflickr.com/2463/3583262025_9368f9a07a_m.jpg
1243822475,3584066262,24.455605,-81.873411,85979850@N00,lighthouse florida keywest sandkey sandkeylighthouse,Sand Key Lighthouse,https://farm4.staticflickr.com/3629/3584066262_6ecb555911_m.jpg
1243822451,3583258005,24.455605,-81.873411,85979850@N00,boat florida keywest donabel,Donabel works on her tan,https://farm3.staticflickr.com/2422/3583258005_7bf9035250_m.jpg
1243822394,3583255091,24.455605,-81.873411,85979850@N00,ship florida cruiseship keywest,Cruise Ships at Key West,https://farm4.staticflickr.com/3362/3583255091_8d723238fb_m.jpg
1243563673,3574244241,24.456168,-81.866643,85979850@N00,ocean water boat florida yacht catamaran keywest atlanticocean snorkeler,Pacific Fury,https://farm3.staticflickr.com/2476/3574244241_15534e4d56_m.jpg
1243563657,3575052082,24.456168,-81.866643,85979850@N00,underwater snorkel florida keywest ewen mobydork,Greater blobby tourist fish,https://farm4.staticflickr.com/3607/3575052082_e4387d2261_m.jpg
1243563644,3574243199,24.456168,-81.866643,85979850@N00,underwater snorkel florida keywest,Fan coral,https://farm4.staticflickr.com/3227/3574243199_21518e518a_m.jpg
1243563629,3574242577,24.456168,-81.866643,85979850@N00,underwater florida snorkelling keywest,More fish,https://farm4.staticflickr.com/3662/3574242577_b8061cd4d6_m.jpg
1243563614,3574242057,24.456168,-81.866643,85979850@N00,fish underwater florida snorkelling keywest,Coral Muncher,https://farm3.staticflickr.com/2475/3574242057_7cffbb56af_m.jpg
1243563597,3574241497,24.456168,-81.866643,85979850@N00,blue fish underwater florida snorkelling keywest,Blue fish,https://farm4.staticflickr.com/3377/3574241497_1100beae29_m.jpg
1243563578,3574240881,24.456168,-81.866643,85979850@N00,fish underwater florida snorkelling keywest,Fish hiding under coral,https://farm3.staticflickr.com/2480/3574240881_6ea411e599_m.jpg
1243563563,3574240393,24.456168,-81.866643,85979850@N00,fish shark underwater florida snorkelling keywest,Shark!,https://farm4.staticflickr.com/3327/3574240393_4a23d8bca3_m.jpg
1243563545,3574239771,24.456168,-81.866643,85979850@N00,underwater florida snorkelling keywest,Fish,https://farm4.staticflickr.com/3388/3574239771_4c8cf6600c_m.jpg
1243563529,3574239213,24.456168,-81.866643,85979850@N00,underwater florida snorkelling keywest donabel,Donabel Snorkelling,https://farm4.staticflickr.com/3364/3574239213_99377faef3_m.jpg
1243563512,3575046908,24.456168,-81.866643,85979850@N00,seaweed underwater florida snorkelling keywest,Seaweed,https://farm3.staticflickr.com/2424/3575046908_4f6b3fc2cf_m.jpg
1243563497,3575046312,24.456168,-81.866643,85979850@N00,fish ray underwater florida snorkelling keywest,Ray,https://farm4.staticflickr.com/3333/3575046312_c536ea28cc_m.jpg
1243563479,3574237357,24.456168,-81.866643,85979850@N00,underwater florida snorkelling keywest,Yellow tailed fish,https://farm4.staticflickr.com/3407/3574237357_9497c00730_m.jpg
1243563461,3575044886,24.456168,-81.866643,85979850@N00,fish ray underwater florida snorkelling keywest spottedeagleray,Ray,https://farm3.staticflickr.com/2456/3575044886_84682d9362_m.jpg
1243563445,3575044260,24.456168,-81.866643,85979850@N00,fish underwater florida snorkelling keywest,Stripy fish,https://farm4.staticflickr.com/3584/3575044260_71954feb33_m.jpg
1222745095,2900231799,24.45165,-81.87492,25126457@N02,vacation underwater snorkeling keywest reef furywateradventures sandreef,florida vacation 41,https://farm4.staticflickr.com/3032/2900231799_4ab37a8d0a_m.jpg
1222745032,2901073048,24.45165,-81.87492,25126457@N02,vacation underwater snorkeling keywest reef furywateradventures sandreef,florida vacation 37,https://farm4.staticflickr.com/3269/2901073048_ce21956af9_m.jpg
1222744849,2900220995,24.45165,-81.87492,25126457@N02,vacation underwater snorkeling keywest reef furywateradventures sandreef,florida vacation 27,https://farm4.staticflickr.com/3220/2900220995_51cc517692_m.jpg
1222744481,2900205093,24.45165,-81.87492,25126457@N02,vacation underwater snorkeling keywest reef furywateradventures sandreef,florida vacation 4,https://farm4.staticflickr.com/3232/2900205093_4f52b9f929_m.jpg
1160881267,269792147,24.4534,-81.8755,89887758@N00,lighthouse sandkey,Sand Key Lighthouse - IMG_2935,https://farm1.staticflickr.com/118/269792147_b14fee9056_m.jpg
1343148466,7637936096,24.478211,-81.865837,79939076@N02,,Schnorcheltour Key West,https://farm8.staticflickr.com/7258/7637936096_d51c57e603_m.jpg
1343089203,7633530528,24.452561,-81.879928,79939076@N02,,Schnorcheln Key West,https://farm9.staticflickr.com/8021/7633530528_388dd2b447_m.jpg
1343089235,7633452064,24.452561,-81.879928,79939076@N02,,Schnorcheln Key West,https://farm9.staticflickr.com/8157/7633452064_66d23d1719_m.jpg
1488742300,32455137483,24.478744,-81.843392,19362429@N02,florida unitedstates us,Key West,https://farm1.staticflickr.com/597/32455137483_d1c7a80afd_m.jpg
1488742300,33228506406,24.467269,-81.84587,19362429@N02,florida unitedstates us,Key West,https://farm4.staticflickr.com/3879/33228506406_101dd9b03f_m.jpg
1487602253,32858447962,24.433961,-81.819453,95639599@N02,usa 2017,Carnival Victory (81),https://farm1.staticflickr.com/683/32858447962_fd4dffde8c_m.jpg
1487602254,32858447692,24.433961,-81.819453,95639599@N02,usa 2017,Carnival Victory (82),https://farm3.staticflickr.com/2655/32858447692_a399337dc1_m.jpg
1487602255,32631986350,24.44143,-81.813845,95639599@N02,usa 2017,Carnival Victory (83),https://farm3.staticflickr.com/2061/32631986350_ce0591a0f0_m.jpg
1487602256,32631984840,24.44143,-81.813845,95639599@N02,usa 2017,Carnival Victory (84),https://farm3.staticflickr.com/2431/32631984840_8ee8143c10_m.jpg
1487602257,32631983820,24.445619,-81.810909,95639599@N02,usa 2017,Carnival Victory (85),https://farm4.staticflickr.com/3900/32631983820_23ec38f5b3_m.jpg
1486922165,32739096111,24.484966,-81.8569,12276024@N04,,Snokeling Trip Sand Key Lighthouse (9),https://farm3.staticflickr.com/2095/32739096111_9e1768ecbe_m.jpg
1486922165,32821448826,24.472466,-81.8648,12276024@N04,,Snokeling Trip Sand Key Lighthouse (8),https://farm1.staticflickr.com/704/32821448826_9550e8bebe_m.jpg
1486922164,32821442296,24.484966,-81.8569,12276024@N04,,Snokeling Trip Sand Key Lighthouse (10),https://farm3.staticflickr.com/2382/32821442296_958f514012_m.jpg
1485718018,32553670186,24.482149,-81.8605,12276024@N04,,Sand Key Lighthouse Snorkeling (5),https://farm1.staticflickr.com/563/32553670186_5abc774252_m.jpg
1485718010,32553630336,24.485266,-81.85775,12276024@N04,,Sand Key Lighthouse Snorkeling Trip (9),https://farm1.staticflickr.com/550/32553630336_724fe655b3_m.jpg
1485718010,32471345291,24.486516,-81.856384,12276024@N04,,Sand Key Lighthouse Snorkeling Trip (10),https://farm1.staticflickr.com/340/32471345291_87825c48fb_m.jpg
1485718010,32471342181,24.488083,-81.854834,12276024@N04,,Sand Key Lighthouse Snorkeling Trip (11),https://farm1.staticflickr.com/419/32471342181_c3ddb42d73_m.jpg
1468625722,28050903450,24.454083,-81.859109,143940361@N04,,davy Jones,https://farm9.staticflickr.com/8590/28050903450_3ab4bc5deb_m.jpg
1467552869,27444049763,24.46098,-81.846038,27693484@N06,square squareformat iphoneography instagramapp uploaded:by=instagram,Sail away in open ocean #sailboat #sailing #sail #hartonohosea #h2photography #h2travel #keywest,https://farm8.staticflickr.com/7398/27444049763_aea82c02ed_m.jpg
1467473391,27758375790,24.488491,-81.841611,27693484@N06,square squareformat iphoneography instagramapp uploaded:by=instagram,Jadi kuli kapal #hartonohosea #h2photography #h2travel #iPhone #keywest #sailing,https://farm8.staticflickr.com/7350/27758375790_c46b48518e_m.jpg
1459720673,25616520443,24.46075,-81.847234,53703573@N02,square squareformat iphoneography instagramapp uploaded:by=instagram,#amazing #diving in #keywest #barrierreef shooting with #gopro and al the #scuba gear by @scubapro #scubapro @chattycatproductions #chattycatproductions #scubaaddict with #crew @paditv #padi,https://farm2.staticflickr.com/1523/25616520443_7f29626c43_m.jpg
1459720344,26126647842,24.46075,-81.847234,53703573@N02,square squareformat inkwell iphoneography instagramapp uploaded:by=instagram,#amazing #diving in The #barrierreef in #keywest shooting quth #gopro and al the #scuba Giese by @scubapro #scubapro @chattycatproductions #chattycatproductions #scubaaddict with @paditv #padi cree,https://farm2.staticflickr.com/1523/26126647842_2d2af080b1_m.jpg
1435891826,19372929761,24.46878,-81.844698,48434885@N07,unitedstates 2015,06 Key West 03,https://farm4.staticflickr.com/3875/19372929761_644854ddd3_m.jpg
1403950388,14338799529,24.487536,-81.830517,120621274@N05,,Regenwolke,https://farm6.staticflickr.com/5508/14338799529_3bb3f00bdb_m.jpg
1403950389,14338797269,24.474758,-81.833959,120621274@N05,,Wasser,https://farm4.staticflickr.com/3853/14338797269_45552381c9_m.jpg
1396041793,13474271875,24.464025,-81.844367,60348748@N07,cruise square waves lofi run squareformat garmin 2470 eurodam iphoneography instagramapp,"18ft waves today, never had this much fun on a treadmill before! #garmin #run #waves #eurodam #cruise",https://farm4.staticflickr.com/3787/13474271875_166b8573d2_m.jpg
1385229838,11013496333,24.465,-81.836503,84716468@N00,,IMG_6974,https://farm6.staticflickr.com/5521/11013496333_406cc5570b_m.jpg
1370395516,8954859500,24.472333,-81.844167,9255579@N04,,,https://farm6.staticflickr.com/5470/8954859500_03cdd36dfe_m.jpg
1367887325,8716302100,24.455,-81.857167,73832263@N00,uploaded:by=flickrmobile flickriosapp:filter=nofilter,,https://farm8.staticflickr.com/7455/8716302100_09671158a4_m.jpg
1358871960,8404968117,24.476521,-81.845912,25482628@N06,square squareformat iphoneography instagramapp uploaded:by=instagram foursquare:venue=4d6a9e57de28224b86e951be,I think this sailboat is in Div 4. Schooner phrf.  #qkeywest @keywest #sailing #keywest #kwrw #florida #tallships #schooners,https://farm9.staticflickr.com/8356/8404968117_05b282d818_m.jpg
1337575076,7239223392,24.464755,-81.837362,13263291@N00,florida keywest,DSC03128,https://farm6.staticflickr.com/5200/7239223392_209f1a9251_m.jpg
1332258004,7000232549,24.454667,-81.857333,87652302@N00,,,https://farm7.staticflickr.com/6100/7000232549_65453ba1b2_m.jpg
1332257957,6854106734,24.454333,-81.858333,87652302@N00,,,https://farm8.staticflickr.com/7126/6854106734_5c827f3646_m.jpg
1332257946,7000229865,24.47,-81.846667,87652302@N00,,,https://farm8.staticflickr.com/7181/7000229865_d7a4d6eb73_m.jpg
1239206432,3423584813,24.463,-81.844667,53342633@N00,ocean vacation water swim geotagged snorkel florida keywest,Photo-A-Day #50: Bill in Blue,https://farm4.staticflickr.com/3548/3423584813_e01a73d3e1_m.jpg
1185593751,1046719452,24.463224,-81.843295,10574187@N05,,IMG_2030,https://farm2.staticflickr.com/1434/1046719452_3e9a4e9f2c_m.jpg
1183865336,1046662194,24.463224,-81.843295,10574187@N05,,sexy-time,https://farm2.staticflickr.com/1271/1046662194_35897c5d74_m.jpg
1487602257,32888047511,24.457105,-81.804489,95639599@N02,usa 2017,Carnival Victory (86),https://farm4.staticflickr.com/3731/32888047511_e65a7e3ed3_m.jpg
1484065797,32112316551,24.471322,-81.801309,51695964@N02,,Santa's sleigh Nieuw Amsterdam 2017,https://farm1.staticflickr.com/325/32112316551_bb9e711572_m.jpg
1484065744,31855164090,24.471561,-81.801323,51695964@N02,santa,SantaDSC_1584,https://farm1.staticflickr.com/774/31855164090_959589604f_m.jpg
1433168419,17726564163,24.442725,-81.805573,66335021@N00,,For my collection of Susie drinking things,https://farm9.staticflickr.com/8777/17726564163_6c3e150c19_m.jpg
1433168418,18161043209,24.446752,-81.805298,66335021@N00,,U.S. Coast Guard evacuation,https://farm9.staticflickr.com/8870/18161043209_9873da8ee6_m.jpg
1429651011,17225768742,24.447725,-81.798575,129254481@N05,,IMG_1692,https://farm9.staticflickr.com/8733/17225768742_00dd5ed1a8_m.jpg
1429216473,16983263950,24.470071,-81.791641,93123955@N00,square squareformat iphoneography instagramapp uploaded:by=instagram,Tarpon #VSCOcam,https://farm9.staticflickr.com/8763/16983263950_48e106c447_m.jpg
1429216395,16963374947,24.470071,-81.791641,93123955@N00,square squareformat iphoneography instagramapp uploaded:by=instagram,Dolphin #VSCOcam,https://farm9.staticflickr.com/8757/16963374947_6713ec9b8a_m.jpg
1429216258,17144839086,24.470071,-81.791641,93123955@N00,square squareformat iphoneography instagramapp uploaded:by=instagram,Blue #VSCOcam,https://farm9.staticflickr.com/8702/17144839086_45e6ac19fc_m.jpg
1414868272,15681858771,24.454794,-81.802948,80161351@N08,,RMD_3847_HDR,https://farm6.staticflickr.com/5608/15681858771_cd8a6f60e4_m.jpg
1414868267,15497916749,24.462072,-81.801445,80161351@N08,,RMD_3845_HDR,https://farm8.staticflickr.com/7544/15497916749_afdf395af7_m.jpg
1414868261,15685374212,24.471269,-81.801453,80161351@N08,,RMD_3842_HDR,https://farm4.staticflickr.com/3950/15685374212_403bb57a7c_m.jpg
1414868254,15685373172,24.48713,-81.802803,80161351@N08,,RMD_3836_HDR,https://farm4.staticflickr.com/3948/15685373172_2222f280fb_m.jpg
1410755271,15240676551,24.480688,-81.802222,7416177@N04,cruise vacation photostream 2014,,https://farm4.staticflickr.com/3877/15240676551_65b116bf82_m.jpg
1381492732,10206049494,24.457094,-81.7994,99002017@N00,florida keywest,2013-10-09 13.28.46,https://farm4.staticflickr.com/3764/10206049494_1048482861_m.jpg
1358549262,8392659739,24.485936,-81.802606,97619843@N00,,IMG_3151,https://farm9.staticflickr.com/8083/8392659739_823fdf25aa_m.jpg
1358549244,8392659069,24.486322,-81.802631,97619843@N00,,IMG_3150,https://farm9.staticflickr.com/8228/8392659069_e4db89016d_m.jpg
1303857169,5659466948,24.455167,-81.770167,57103410@N04,,,https://farm6.staticflickr.com/5061/5659466948_e68be8704c_m.jpg
1274934294,4644042526,24.455468,-81.791773,78764012@N00,,IMG_5070,https://farm5.staticflickr.com/4020/4644042526_6cba797a0f_m.jpg
1274934289,4644042332,24.448297,-81.793262,78764012@N00,,IMG_5067,https://farm4.staticflickr.com/3046/4644042332_1aaca50e85_m.jpg
1412435216,15250792799,24.459788,-81.737366,60085318@N00,square squareformat iphoneography instagramapp uploaded:by=instagram,#scubasquad2014 at the Vandenberg,https://farm4.staticflickr.com/3928/15250792799_eff020f5a7_m.jpg
1359322076,8420611285,24.45993,-81.738356,11159192@N04,fall wildlife drytortugas flowersplants boatdive wreckdive divetype,USS Vandenberg,https://farm9.staticflickr.com/8085/8420611285_5e6ae7febe_m.jpg
1359322049,8421706260,24.459936,-81.738345,11159192@N04,fall wildlife drytortugas flowersplants boatdive wreckdive divetype,USS Vandenberg,https://farm9.staticflickr.com/8186/8421706260_37cda01a12_m.jpg
1359322033,8420608797,24.459888,-81.738423,11159192@N04,fall wildlife drytortugas flowersplants boatdive wreckdive divetype,USS Vandenberg,https://farm9.staticflickr.com/8365/8420608797_d5e304fb84_m.jpg
1359322012,8420607653,24.459811,-81.738581,11159192@N04,fall wildlife drytortugas flowersplants boatdive wreckdive divetype,USS Vandenberg,https://farm9.staticflickr.com/8085/8420607653_82d364dfc0_m.jpg
1307496253,5810451772,24.459919,-81.738298,63769554@N03,,IMG_2549bw,https://farm3.staticflickr.com/2513/5810451772_d39071db6a_m.jpg
1307496235,5810451076,24.459922,-81.738251,63769554@N03,,IMG_2542bw,https://farm4.staticflickr.com/3327/5810451076_37564294cc_m.jpg
1307496215,5810450338,24.459886,-81.738264,63769554@N03,,IMG_2532bw,https://farm6.staticflickr.com/5269/5810450338_ba5f41c794_m.jpg
1307496197,5809884985,24.459844,-81.73832,63769554@N03,,IMG_2531bw,https://farm4.staticflickr.com/3523/5809884985_9014b555d5_m.jpg
1307496181,5810448982,24.459936,-81.73777,63769554@N03,,IMG_2576,https://farm3.staticflickr.com/2351/5810448982_72993ee4b0_m.jpg
1307496142,5810447348,24.459875,-81.737831,63769554@N03,,IMG_2575,https://farm4.staticflickr.com/3328/5810447348_14dbc1c16a_m.jpg
1307496106,5809881355,24.459855,-81.737812,63769554@N03,,IMG_2573,https://farm3.staticflickr.com/2061/5809881355_d409c5af1d_m.jpg
1307496074,5810444486,24.459852,-81.737848,63769554@N03,,IMG_2572,https://farm3.staticflickr.com/2214/5810444486_2c2e9e4654_m.jpg
1307496044,5809878903,24.459827,-81.737856,63769554@N03,,IMG_2569,https://farm3.staticflickr.com/2324/5809878903_fdaa637255_m.jpg
1307496014,5809877773,24.459727,-81.737817,63769554@N03,,IMG_2568,https://farm4.staticflickr.com/3215/5809877773_567a4a0532_m.jpg
1307495990,5810441174,24.459763,-81.737831,63769554@N03,,IMG_2566,https://farm3.staticflickr.com/2355/5810441174_3bfa5584fe_m.jpg
1307495962,5810440042,24.459761,-81.737845,63769554@N03,,IMG_2565,https://farm6.staticflickr.com/5226/5810440042_455621300d_m.jpg
1307495941,5809874875,24.459769,-81.737831,63769554@N03,,IMG_2558,https://farm4.staticflickr.com/3507/5809874875_b2db8c0be4_m.jpg
1307495894,5810437424,24.45978,-81.737884,63769554@N03,,IMG_2557,https://farm3.staticflickr.com/2681/5810437424_1ff8bff698_m.jpg
1307495861,5809871669,24.459902,-81.738278,63769554@N03,,IMG_2546,https://farm6.staticflickr.com/5034/5809871669_46f8ef616d_m.jpg
1307495846,5809871125,24.459913,-81.738303,63769554@N03,,IMG_2541,https://farm6.staticflickr.com/5063/5809871125_75c0399580_m.jpg
1307495778,5809868407,24.459922,-81.738353,63769554@N03,,IMG_2539,https://farm4.staticflickr.com/3275/5809868407_a0fe271a56_m.jpg
1307495742,5810431322,24.459891,-81.738239,63769554@N03,,IMG_2538,https://farm3.staticflickr.com/2514/5810431322_1eb4b8e6ef_m.jpg
1307495723,5810430568,24.459899,-81.738231,63769554@N03,,IMG_2537,https://farm3.staticflickr.com/2768/5810430568_69206117bb_m.jpg
1307495687,5809864579,24.459875,-81.738251,63769554@N03,,IMG_2534,https://farm3.staticflickr.com/2212/5809864579_e75e90ef10_m.jpg
1439595389,19959309813,24.517519,-82.126145,75392657@N00,,,https://farm1.staticflickr.com/776/19959309813_985e8e424c_m.jpg
1439595047,20393419449,24.517958,-82.131264,75392657@N00,,,https://farm6.staticflickr.com/5703/20393419449_b0c053ab93_m.jpg
1370289869,8939013877,24.522511,-82.146328,85391843@N00,,2012-05-10_14-50-37,https://farm4.staticflickr.com/3748/8939013877_b76a7196e9_m.jpg
1335294047,6964303364,24.545333,-82.114,7296328@N07,florida,Flying back to Key West,https://farm9.staticflickr.com/8158/6964303364_be1d8257eb_m.jpg
1500819264,36066728786,24.514858,-82.085778,51405371@N00,keywest drytortugas,IMG_4302,https://farm5.staticflickr.com/4309/36066728786_c7910964c4_m.jpg
1500819265,35717666060,24.514836,-82.08687,51405371@N00,keywest drytortugas,IMG_4303,https://farm5.staticflickr.com/4318/35717666060_20e1501f20_m.jpg
1500819266,35717665700,24.515316,-82.095567,51405371@N00,keywest drytortugas,IMG_4304,https://farm5.staticflickr.com/4322/35717665700_2523f0ae9c_m.jpg
1500819266,36066726916,24.515397,-82.095795,51405371@N00,keywest drytortugas,IMG_4305,https://farm5.staticflickr.com/4315/36066726916_fd45fb8d8b_m.jpg
1321403649,6349168312,24.514011,-82.06305,7128421@N05,usa florida drytortugas,IMG_6672.jpg,https://farm7.staticflickr.com/6223/6349168312_6a7e2714df_m.jpg
1312748013,6019350880,24.519025,-82.092178,43836891@N07,ocean storm sailboat florida,Storm Seeds,https://farm7.staticflickr.com/6129/6019350880_9e745a0fde_m.jpg
1198488031,2132317713,24.531965,-82.049078,18307147@N00,west geotagged key december ride florida fort flight dry jefferson seaplane 2007 tortugas geo:lat=245319659999418 geo:lon=820490786664356,2007 11 december Seaplane van Dry Tortugas - Key West Florida  1433.jpg,https://farm3.staticflickr.com/2261/2132317713_d974e6a66f_m.jpg
1198488020,2133096018,24.532544,-82.051375,18307147@N00,west geotagged key december ride florida fort flight dry jefferson seaplane 2007 tortugas geo:lat=245325443333375 geo:lon=820513758095403,2007 11 december Seaplane van Dry Tortugas - Key West Florida  1432.jpg,https://farm3.staticflickr.com/2105/2133096018_28b724228b_m.jpg
1198488009,2133095798,24.533353,-82.054591,18307147@N00,west geotagged key december ride florida fort flight dry jefferson seaplane 2007 tortugas geo:lat=245333539999751 geo:lon=820545918094248,2007 11 december Seaplane van Dry Tortugas - Key West Florida  1431.jpg,https://farm3.staticflickr.com/2244/2133095798_d1245c410d_m.jpg
1198487998,2132316923,24.535027,-82.060506,18307147@N00,west geotagged key december ride florida fort flight dry jefferson seaplane 2007 tortugas geo:lat=245350276666269 geo:lon=820605069998881,2007 11 december Seaplane van Dry Tortugas - Key West Florida  1430.jpg,https://farm3.staticflickr.com/2079/2132316923_0e70393aab_m.jpg
1488772695,32894899220,24.53385,-82.010014,15362885@N00,keywest vacation ocean themes florida unitedstates us,courage,https://farm1.staticflickr.com/766/32894899220_f58fe54693_m.jpg
1488772691,32894898500,24.531872,-82.00922,15362885@N00,selfie keywest vacation ocean themes florida unitedstates us,on the beach,https://farm3.staticflickr.com/2941/32894898500_cc260163f8_m.jpg
1488772687,32894897760,24.531677,-82.008898,15362885@N00,keywest vacation landscape themes florida unitedstates us,lone palm,https://farm4.staticflickr.com/3919/32894897760_f100570f7a_m.jpg
1488772681,32894896880,24.532358,-82.0092,15362885@N00,florida keywest unitedstates us,waters edge,https://farm4.staticflickr.com/3881/32894896880_6af51f2b3d_m.jpg
1488772674,32894895240,24.532358,-82.0092,15362885@N00,florida keywest unitedstates us,water's edge,https://farm4.staticflickr.com/3875/32894895240_682b05b088_m.jpg
1488772619,33236666306,24.537808,-82.007623,15362885@N00,keywest florida unitedstates us,isolation,https://farm4.staticflickr.com/3861/33236666306_7ae277bb34_m.jpg
1444507166,22050941926,24.534556,-82.005083,29414153@N06,square squareformat inkwell iphoneography instagramapp uploaded:by=instagram,Fish on!,https://farm6.staticflickr.com/5702/22050941926_659543a172_m.jpg
1439864257,20677290091,24.519605,-81.981553,52272069@N00,,,https://farm6.staticflickr.com/5722/20677290091_4b1891b980_m.jpg
1437937681,19843908758,24.519605,-81.981553,52272069@N00,,,https://farm1.staticflickr.com/284/19843908758_a595e3a1d2_m.jpg
1416973769,15878915841,24.531272,-82.008927,11611067@N02,ocean summer west beach water boat grande key florida boating boca,GOPR0116,https://farm8.staticflickr.com/7473/15878915841_315677b412_m.jpg
1416973745,15693594000,24.531272,-82.008927,11611067@N02,ocean summer west beach water boat grande key florida boating boca,GOPR0113,https://farm9.staticflickr.com/8579/15693594000_23821f4cc3_m.jpg
1416973711,15693591100,24.531272,-82.008927,11611067@N02,ocean summer west beach water boat grande key florida boating boca,GOPR0106,https://farm9.staticflickr.com/8638/15693591100_a4ab788198_m.jpg
1416973692,15694874309,24.531272,-82.008927,11611067@N02,ocean family summer west beach water boat grande key florida boating shayne boca dory,GOPR0102,https://farm9.staticflickr.com/8592/15694874309_2802924821_m.jpg
1416973668,15880890055,24.531272,-82.008927,11611067@N02,ocean summer west beach water boat grande key florida boating boca,GOPR0089,https://farm8.staticflickr.com/7568/15880890055_4f12e8951a_m.jpg
1416973644,15880888055,24.531272,-82.008927,11611067@N02,ocean family summer west beach water boat grande key florida boating shayne boca dory,GOPR0085,https://farm8.staticflickr.com/7499/15880888055_d01e2f3ab6_m.jpg
1416973624,15880886485,24.531272,-82.008927,11611067@N02,ocean summer west beach water boat grande key florida boating boca dory,GOPR0079,https://farm8.staticflickr.com/7505/15880886485_177f89e572_m.jpg
